{
  "project_info": {
    "project_number": "215689976552",
    "project_id": "fir-chat-6eab3",
    "storage_bucket": "fir-chat-6eab3.appspot.com"
  },
  "client": [
    {
      "client_info": {
        "mobilesdk_app_id": "1:215689976552:android:a870012fc05d19752cc75d",
        "android_client_info": {
          "package_name": "com.example.myapplication"
        }
      },
      "oauth_client": [],
      "api_key": [
        {
          "current_key": "AIzaSyBOkFD1xOhUv2X8mb6XQePdKypCMxyJ5LM"
        }
      ],
      "services": {
        "appinvite_service": {
          "other_platform_oauth_client": []
        }
      }
    }
  ],
  "configuration_version": "1"
}